{"cameraMode":{"drawMode":0,"name":"Shaded","section":"Shading Mode"},"sceneLighting":false,"audioPlay":false,"sceneViewState":{"showFog":true,"showMaterialUpdate":false,"showSkybox":false,"showFlares":true,"showImageEffects":true,"showParticleSystems":true},"in2DMode":false,"pivot":{"x":315.41436767578127,"y":157.8944854736328,"z":0.33000001311302187},"rotation":{"x":-0.03529604896903038,"y":-0.9516622424125671,"z":0.2806963622570038,"w":-0.11998578906059265},"size":0.9328693747520447,"orthographic":false}