{"cameraMode":{"drawMode":0,"name":"Shaded","section":"Shading Mode"},"sceneLighting":false,"audioPlay":false,"sceneViewState":{"showFog":true,"showMaterialUpdate":false,"showSkybox":false,"showFlares":true,"showImageEffects":true,"showParticleSystems":true},"in2DMode":false,"pivot":{"x":0.0,"y":0.546951949596405,"z":-0.020641610026359559},"rotation":{"x":-0.19984005391597749,"y":-0.26008033752441409,"z":0.055110279470682147,"w":-0.9430938959121704},"size":0.704811155796051,"orthographic":false}