{"cameraMode":{"drawMode":0,"name":"Shaded","section":"Shading Mode"},"sceneLighting":true,"audioPlay":false,"sceneViewState":{"showFog":true,"showMaterialUpdate":false,"showSkybox":true,"showFlares":true,"showImageEffects":true,"showParticleSystems":true},"in2DMode":false,"pivot":{"x":-0.7558435201644898,"y":1.5412782430648804,"z":-4.546250343322754},"rotation":{"x":0.005623350851237774,"y":-0.9937618970870972,"z":0.09600075334310532,"w":0.05730361491441727},"size":1.532869577407837,"orthographic":false}