{"cameraMode":{"drawMode":0,"name":"Shaded","section":"Shading Mode"},"sceneLighting":true,"audioPlay":false,"sceneViewState":{"showFog":true,"showMaterialUpdate":false,"showSkybox":true,"showFlares":true,"showImageEffects":true,"showParticleSystems":true},"in2DMode":false,"pivot":{"x":-2.2179460525512697,"y":2.236781597137451,"z":-21.09939956665039},"rotation":{"x":0.00007389210804831237,"y":-1.000024676322937,"z":0.0063093905337154869,"w":0.0006063277251087129},"size":11.124698638916016,"orthographic":false}