{"cameraMode":{"drawMode":0,"name":"Shaded","section":"Shading Mode"},"sceneLighting":false,"audioPlay":false,"sceneViewState":{"showFog":true,"showMaterialUpdate":false,"showSkybox":false,"showFlares":true,"showImageEffects":true,"showParticleSystems":true},"in2DMode":false,"pivot":{"x":315.4723815917969,"y":158.17449951171876,"z":0.33000001311302187},"rotation":{"x":0.004266226664185524,"y":-0.9948000311851502,"z":0.0915856659412384,"w":0.04539439082145691},"size":1.2303271293640137,"orthographic":false}