{"cameraMode":{"drawMode":0,"name":"Shaded","section":"Shading Mode"},"sceneLighting":false,"audioPlay":false,"sceneViewState":{"showFog":true,"showMaterialUpdate":false,"showSkybox":false,"showFlares":true,"showImageEffects":true,"showParticleSystems":true},"in2DMode":false,"pivot":{"x":0.34921059012413027,"y":-0.09110420942306519,"z":-0.06928682327270508},"rotation":{"x":-0.21522381901741029,"y":-0.18100669980049134,"z":0.04062874987721443,"w":-0.958807647228241},"size":0.9006568789482117,"orthographic":false}