{"cameraMode":{"drawMode":0,"name":"Shaded","section":"Shading Mode"},"sceneLighting":true,"audioPlay":false,"sceneViewState":{"showFog":true,"showMaterialUpdate":false,"showSkybox":true,"showFlares":true,"showImageEffects":true,"showParticleSystems":true},"in2DMode":false,"pivot":{"x":-2.7015600204467775,"y":2.151055097579956,"z":-2.5553107261657717},"rotation":{"x":0.024235548451542856,"y":-0.9756574034690857,"z":0.16426552832126618,"w":0.14356228709220887},"size":1.7924737930297852,"orthographic":false}