{"cameraMode":{"drawMode":0,"name":"Shaded","section":"Shading Mode"},"sceneLighting":true,"audioPlay":false,"sceneViewState":{"showFog":true,"showMaterialUpdate":false,"showSkybox":true,"showFlares":true,"showImageEffects":true,"showParticleSystems":true},"in2DMode":false,"pivot":{"x":-1.2202481031417847,"y":1.0789599418640137,"z":-8.339925765991211},"rotation":{"x":-0.0034616966731846334,"y":0.9961075782775879,"z":-0.045163001865148547,"w":-0.0760459378361702},"size":5.138298988342285,"orthographic":false}