{"cameraMode":{"drawMode":0,"name":"Shaded","section":"Shading Mode"},"sceneLighting":false,"audioPlay":false,"sceneViewState":{"showFog":true,"showMaterialUpdate":false,"showSkybox":false,"showFlares":true,"showImageEffects":true,"showParticleSystems":true},"in2DMode":false,"pivot":{"x":-13.285135269165039,"y":0.9652000069618225,"z":-17.114992141723634},"rotation":{"x":-0.11960489302873612,"y":-0.8640277981758118,"z":0.24359813332557679,"w":-0.424145370721817},"size":0.15864738821983338,"orthographic":false}