{"cameraMode":{"drawMode":0,"name":"Shaded","section":"Shading Mode"},"sceneLighting":true,"audioPlay":false,"sceneViewState":{"showFog":true,"showMaterialUpdate":false,"showSkybox":true,"showFlares":true,"showImageEffects":true,"showParticleSystems":true},"in2DMode":false,"pivot":{"x":-4.320695877075195,"y":0.43542590737342837,"z":-11.528645515441895},"rotation":{"x":0.0027480204589664938,"y":0.9965366125106812,"z":-0.0751914381980896,"w":0.03651370480656624},"size":1.2742493152618409,"orthographic":false}