{"cameraMode":{"drawMode":0,"name":"Shaded","section":"Shading Mode"},"sceneLighting":false,"audioPlay":false,"sceneViewState":{"showFog":true,"showMaterialUpdate":false,"showSkybox":false,"showFlares":true,"showImageEffects":true,"showParticleSystems":true},"in2DMode":false,"pivot":{"x":0.00019035115838050842,"y":0.0,"z":-0.0001161918044090271},"rotation":{"x":-0.09972862899303436,"y":-0.27017340064048769,"z":0.028153009712696077,"w":-0.9572471380233765},"size":0.0380202978849411,"orthographic":false}